Id,Operador,Destino,Data de actualização,Carreira,Origem
46925637,Martin,,25/05/2021 11:48:45,M01,M01 Parede Terminal - CascaiShopping via Estoril
46925643,Martin,,25/05/2021 11:49:35,M01,M01 Parede Terminal - CascaiShopping via Estoril
46925649,Martin,,25/05/2021 11:50:24,M33,M33 Sassoeiros - Tires (Circular)
46925654,Martin,,25/05/2021 11:50:46,M33,M33 Sassoeiros - Tires (Circular)
46925659,Martin,,25/05/2021 11:50:49,M02,M02 Cascais Estação - Malveira (Circular) - A
46925665,Martin,,25/05/2021 11:51:25,M02,M02 Cascais Estação - Malveira (Circular) - B
46925671,Martin,,25/05/2021 11:51:58,M02,M02 Cascais Estação - Malveira (Circular) - C
46925677,Martin,,25/05/2021 11:52:35,M02,M02 Cascais Estação - Malveira (Circular) - D
46925683,Martin,,25/05/2021 11:53:08,M02,M02 Cascais Estação - Malveira (Circular) - E
46925689,Martin,,25/05/2021 11:53:45,M02,M02 Cascais Estação - Malveira (Circular) - F
46925695,Martin,,25/05/2021 11:54:21,M05,M05 Cascais Estação - Guincho via Qta. da Marinha (Circular) - A
46925701,Martin,,25/05/2021 11:54:56,M05,M05 Cascais Estação - Guincho via Qta. da Marinha (Circular) - B
46925707,Martin,,25/05/2021 11:55:32,M05,M05 Cascais Estaçãoo - Guincho via Qta. da Marinha (Circular) - C
46925713,Martin,,25/05/2021 11:56:02,M08,M08 Cascais Estação - Alvide (Circular) - A
46925719,Martin,,25/05/2021 11:56:05,M08,M08 Cascais Estação - Alvide (Circular) - B
46925725,Martin,,25/05/2021 11:56:05,M08,M08 Cascais Estação - Alvide (Circular) - C
46925731,Martin,,25/05/2021 11:56:06,M12,M12 Cascais Estação - Estoril Estação via Amoreira
46925737,Martin,,25/05/2021 11:56:17,M12,M12 Cascais Estação - Estoril Estação via Amoreira
46925743,Martin,,25/05/2021 11:56:22,M23,M23 Talaíde - Estoril Estação
46925749,Martin,,25/05/2021 11:57:26,M23,M23 Talaíde - Estoril Estação
46925755,Martin,,25/05/2021 11:58:29,M18,M18 Cascais Estação - Bairro da Cadeia do Linhó via Abuxarda
46925761,Martin,,25/05/2021 11:59:12,M18,M18 Cascais Estação - Bairro da Cadeia do Linhó via Abuxarda
46925767,Martin,,25/05/2021 11:59:55,M21,M21 Carcavelos Estação - Talaíde
46925773,Martin,,25/05/2021 12:00:34,M21,M21 Carcavelos Estação - Talaíde
46925779,Martin,,25/05/2021 12:01:11,M31,M31 Carcavelos Estação - Hospital de Cascais via Bicesse
46925785,Martin,,25/05/2021 12:02:46,M31,M31 Carcavelos Estação - Hospital de Cascais via Bicesse
46925791,Martin,,25/05/2021 12:04:21,M07,M07 Cascais Estação - Estoril Estação via Amoreira - A
46925797,Martin,,25/05/2021 12:04:36,M07,M07 Cascais Estação - Estoril Estação via Amoreira - A
46925803,Martin,,25/05/2021 12:04:39,M07,M07 Cascais Estação - Estoril Estação via Amoreira - B
46925809,Martin,,25/05/2021 12:04:40,M07,M07 Cascais Estação - Estoril Estaçãoo via Amoreira - C
46925815,Martin,,25/05/2021 12:04:41,M30,M30 Parede Terminal - Abóboda
46925821,Martin,,25/05/2021 12:05:15,M30,M30 Parede Terminal - Abóboda
46925827,Martin,,25/05/2021 12:05:51,M28,M28 Malveira - CascaiShopping (Interface) via Depósitos de Água
46925833,Martin,,25/05/2021 12:06:20,M28,M28 Malveira - CascaiShopping (Interface) via Depósitos de Água
46925839,Martin,,25/05/2021 12:06:49,M24,M24 Carcavelos Estação - Manique
46925845,Martin,,25/05/2021 12:07:37,M24,M24 Carcavelos Estação - Manique
46925851,Martin,,25/05/2021 12:08:25,M03,M03 Torre - CascaiShopping (Circular) - A
46925856,Martin,,25/05/2021 12:09:17,M03,M03 Torre - CascaiShopping (Circular) - B
46925862,Martin,,25/05/2021 12:10:10,M03,M03 Torre - CascaiShopping (Circular) - C
46925868,Martin,,25/05/2021 12:11:03,M03,M03 Torre - CascaiShopping (Circular) - D
46925874,Martin,,25/05/2021 12:11:55,M03,M03 Torre - CascaiShopping (Circular) - E
46925880,Martin,,25/05/2021 12:12:47,M19,M19 S. J. Estoril Estação - Bairro da Martinha (Circular)
46925886,Martin,,25/05/2021 12:12:59,M19,M19 S. J. Estoril Estação - Bairro da Martinha (Circular)
46925891,Martin,,25/05/2021 12:13:01,M29,M29 S. J. Estoril Estação - CascaiShopping
46925897,Martin,,25/05/2021 12:13:07,M29,M29 S. J. Estoril Estação - CascaiShopping
46925903,Martin,,25/05/2021 12:13:09,M14,M14 Cascais Estação - Malveira via Murches (Circular) - A
46925909,Martin,,25/05/2021 12:13:50,M14,M14 Cascais Estação - Malveira via Murches (Circular) - B
46925915,Martin,,25/05/2021 12:14:23,M14,M14 Cascais Estação - Malveira via Murches (Circular) - C
46925921,Martin,,25/05/2021 12:14:54,M14,M14 Cascais Estação - Malveira via Murches (Circular) - D
46925927,Martin,,25/05/2021 12:15:30,M14,M14 Cascais Estação - Malveira via Murches (Circular) - E
46925933,Martin,,25/05/2021 12:15:36,M14,M14 Cascais Estação - Malveira via Murches (Circular) - F
46925939,Martin,,25/05/2021 12:16:09,M14,M14 Cascais Estação - Malveira via Murches (Circular) - G
46925945,Martin,,25/05/2021 12:16:45,M17,M17 Cascais Estação - Bairro da Cadeia do Linhó via Alvide e Hospital
46925951,Martin,,25/05/2021 12:17:28,M17,M17 Cascais Estação - Bairro da Cadeia do Linhó via Alvide e Hospital
46925957,Martin,,25/05/2021 12:18:13,M13,M13 Cascais Estação - Estoril Estação via Manique - A
46925963,Martin,,25/05/2021 12:19:04,M13,M13 Cascais Estação - Estoril Estação via Manique - A
46925969,Martin,,25/05/2021 12:19:59,M13,M13 Cascais Estação - Estoril Estação via Manique - B
46925975,Martin,,25/05/2021 12:20:47,M13,M13 Cascais Estação - Estoril Estação via Manique - B
46925981,Martin,,25/05/2021 12:21:42,M13,M13 Cascais Estação - Estoril Estação via Manique - C
46925987,Martin,,25/05/2021 12:22:31,M13,M13 Cascais Estação - Estoril Estação via Manique - C
46925993,Martin,,25/05/2021 12:23:27,M13,M13 Cascais Estação - Estoril Estação via Manique - D
46925999,Martin,,25/05/2021 12:24:15,M13,M13 Cascais Estação - Estoril Estação via Manique - D
46926005,Martin,,25/05/2021 12:25:09,M13,M13 Cascais Estação - Estoril Estação via Manique - E
46926011,Martin,,25/05/2021 12:25:58,M13,M13 Cascais Estação - Estoril Estação via Manique - E
46926017,Martin,,25/05/2021 12:26:55,M13,M13 Cascais Estação - Estoril Estação via Manique - F
46926023,Martin,,25/05/2021 12:27:50,M13,M13 Cascais Estação - Estoril Estação via Manique - G
46926029,Martin,,25/05/2021 12:28:40,M13,M13 Cascais Estação - Estoril Estação via Manique - H
46926035,Martin,,25/05/2021 12:28:58,M10,M10 Malveira - CascaiShopping (Interface) via Zambujeiro
46926041,Martin,,25/05/2021 12:29:26,M10,M10 Malveira - CascaiShopping (Interface) via Zambujeiro
46926047,Martin,,25/05/2021 12:29:54,M20,M20 Estoril Estação - Bairro da Cadeia do Linhó via Amoreira
46926053,Martin,,25/05/2021 12:30:33,M20,M20 Estoril Estação - Bairro da Cadeia do Linhó via Amoreira
46926059,Martin,,25/05/2021 12:31:10,M22,M22 Carcavelos Estação - Cascais Estação via Manique - A
46926065,Martin,,25/05/2021 12:33:05,M22,M22 Carcavelos Estação - Cascais Estação via Manique - A
46926071,Martin,,25/05/2021 12:34:59,M22,M22 Carcavelos Estação - Cascais Estação via Manique - B
46926077,Martin,,25/05/2021 12:36:12,M22,M22 Carcavelos Estação - Cascais Estação via Manique - B
46926083,Martin,,25/05/2021 12:37:26,M22,M22 Carcavelos Estação - Cascais Estação via Manique - C
46926089,Martin,,25/05/2021 12:38:08,M22,M22 Carcavelos Estação - Cascais Estação via Manique - D
46926095,Martin,,25/05/2021 12:38:48,M22,M22 Carcavelos Estação - Cascais Estação via Manique - E
46926101,Martin,,25/05/2021 12:39:52,M26,M26 Parede - Matarraque (Circular) - A
46926107,Martin,,25/05/2021 12:40:05,M26,M26 Parede - Matarraque (Circular) - B
46926113,Martin,,25/05/2021 12:40:07,M06,M06 Cascais Estação - Estoril Estação via Fisgas - A
46926119,Martin,,25/05/2021 12:40:48,M06,M06 Cascais Estação - Estoril Estação via Fisgas - A
46926125,Martin,,25/05/2021 12:41:30,M06,M06 Cascais Estação - Estoril Estaçãoo via Fisgas - B
46926131,Martin,,25/05/2021 12:41:58,M15,M15 Cascais Estação - Guincho via Areia (Circular) - A
46926137,Martin,,25/05/2021 12:42:30,M15,M15 Cascais Estação - Guincho via Areia (Circular) - B
46926143,Martin,,25/05/2021 12:43:04,M15,M15 Cascais Estação - Guincho via Areia (Circular) - C
46926149,Martin,,25/05/2021 12:43:31,M25,M25 Parede Terminal - Carcavelos Estação (Circular)
46926155,Martin,,25/05/2021 12:44:03,M25,M25 Parede Terminal - Carcavelos Estação (Circular)
46926161,Martin,,25/05/2021 12:44:16,M16,M16 S. Domingos de Rana - Campus Carcavelos - A
46926167,Martin,,25/05/2021 12:44:20,M16,M16 S. Domingos de Rana - Campus Carcavelos - A
46926173,Martin,,25/05/2021 12:44:22,M16,M16 S. Domingos de Rana - Campus Carcavelos - B
46926179,Martin,,25/05/2021 12:44:22,M16,M16 S. Domingos de Rana - Campus Carcavelos - B
46926185,Martin,,25/05/2021 12:44:22,M11,M11 Cascais Estação - Estoril Estação via Cabreiro e Atrozela
46926191,Martin,,25/05/2021 12:44:54,M11,M11 Cascais Estação - Estoril Estação via Cabreiro e Atrozela
46926197,Martin,,25/05/2021 12:45:27,M09,M09 Cascais Estação - Encosta da Carreira (Circular)
46926203,Martin,,25/05/2021 12:45:36,M35,M35 Trajouce Norte - Carcavelos Estação via S. Domingos de Rana
46926209,Martin,,25/05/2021 12:45:59,M35,M35 Trajouce Norte - Carcavelos Estação via S. Domingos de Rana
46926215,Martin,,25/05/2021 12:46:01,M32,M32 Parede Terminal - Trajouce via Murtal
46926221,Martin,,25/05/2021 12:46:44,M32,M32 Parede Terminal - Trajouce via Murtal
46926227,Martin,,25/05/2021 12:47:31,M27,M27 Cascais (Circular) - A
46926233,Martin,,25/05/2021 12:47:42,M27,M27 Cascais (Circular) - B
46926239,Martin,,25/05/2021 12:47:43,M04,M04 Cascais Estação - Torre (Circular)
46926245,Martin,,25/05/2021 12:47:48,M34,M34 Cascais Estação - Costa da Guia
46926251,Martin,,25/05/2021 12:47:50,M34,M34 Cascais Estação - Costa da Guia
46926257,Martin,,25/05/2021 12:47:53,M36,M36 Trajouce Norte - Carcavelos Estação via Outeiro da Polima
46926263,Martin,,25/05/2021 12:48:28,M36,M36 Trajouce Norte - Carcavelos Estação via Outeiro da Polima
46926269,Cascais Proxima,,25/05/2021 12:49:02,M37,M37 Circular SÃ£o Domingos de Rana
46926275,Cascais Proxima,,25/05/2021 12:49:13,M38,M38 Estoril Estação - CascaiShopping
46926281,Cascais Proxima,,25/05/2021 12:49:32,M38,M38 Estoril Estação - CascaiShopping
46926287,Cascais Proxima,,25/05/2021 12:49:33,M39,M39 Cascais Estação - Hospital
46926293,Cascais Proxima,,25/05/2021 12:49:39,M39,M39 Cascais Estação - Hospital
46926299,Cascais Proxima,,25/05/2021 12:49:47,M40,M40 Malveira - Hospital via CAS Pisão
46926305,Cascais Proxima,,25/05/2021 12:50:01,M40,M40 Malveira - Hospital via CAS Pisão
46926311,Cascais Proxima,,25/05/2021 12:50:02,M41,M41 Circular Carcavelos
46926317,Scotturb,,25/05/2021 12:50:13,403,403 Cascais (Terminal) - Sintra (Estação)
46926323,Scotturb,,25/05/2021 12:50:14,403,403 Cascais (Terminal) - Sintra (Estação)
46926329,Scotturb,,25/05/2021 12:50:15,403,403 Cascais (Terminal) - Sintra (Estação)
46926335,Scotturb,,25/05/2021 12:50:15,403,403 Cascais (Terminal) - Sintra (Estação)
46926341,Scotturb,,25/05/2021 12:50:16,403,403 Cascais (Terminal) - Sintra (Estação)
46926347,Scotturb,,25/05/2021 12:50:16,403,403 Cascais (Terminal) - Sintra (Estação)
46926353,Scotturb,,25/05/2021 12:50:17,403,403 Cascais (Terminal) - Sintra (Estação)
46926359,Scotturb,,25/05/2021 12:50:17,403,403 Cascais (Terminal) - Sintra (Estação)
46926365,Scotturb,,25/05/2021 12:50:17,403,403 Cascais (Terminal) - Sintra (Estação)
46926371,Scotturb,,25/05/2021 12:50:18,403,403 Cascais (Terminal) - Sintra (Estação)
46926377,Scotturb,,25/05/2021 12:50:18,403,403 Cascais (Terminal) - Sintra (Estação)
46926383,Scotturb,,25/05/2021 12:50:18,403,403 Cascais (Terminal) - Sintra (Estação)
46926389,Scotturb,,25/05/2021 12:50:19,403,403 Cascais (Terminal) - Sintra (Estação)
46926395,Scotturb,,25/05/2021 12:50:19,403,403 Cascais (Terminal) - Sintra (Estação)
46926401,Scotturb,,25/05/2021 12:50:19,403,403 Cascais (Terminal) - Sintra (Estação)
46926407,Scotturb,,25/05/2021 12:50:19,403,403 Cascais (Terminal) - Sintra (Estação)
46926413,Scotturb,,25/05/2021 12:50:19,403,403 Cascais (Terminal) - Sintra (Estação)
46926419,Scotturb,,25/05/2021 12:50:19,403,403 Cascais (Terminal) - Sintra (Estação)
46926425,Scotturb,,25/05/2021 12:50:20,403,403 Cascais (Terminal) - Sintra (Estação)
46926431,Scotturb,,25/05/2021 12:50:20,403,403 Cascais (Terminal) - Sintra (Estação)
46926437,Scotturb,,25/05/2021 12:50:20,403,403 Cascais (Terminal) - Sintra (Estação)
46926443,Scotturb,,25/05/2021 12:50:21,403,403 Cascais (Terminal) - Sintra (Estação)
46926449,Scotturb,,25/05/2021 12:50:21,403,403 Cascais (Terminal) - Sintra (Estação)
46926455,Scotturb,,25/05/2021 12:50:21,403,403 Cascais (Terminal) - Sintra (Estação)
46926461,Scotturb,,25/05/2021 12:50:21,403,403 Cascais (Terminal) - Sintra (Estação)
46926467,Scotturb,,25/05/2021 12:50:21,403,403 Cascais (Terminal) - Sintra (Estação)
46926473,Scotturb,,25/05/2021 12:50:21,403,403 Cascais (Terminal) - Sintra (Estação)
46926479,Scotturb,,25/05/2021 12:50:21,403,403 Cascais (Terminal) - Sintra (Estação)
46926485,Scotturb,,25/05/2021 12:50:21,403,403 Cascais (Terminal) - Sintra (Estação)
46926491,Scotturb,,25/05/2021 12:50:21,403,403 Cascais (Terminal) - Sintra (Estação)
46926497,Scotturb,,25/05/2021 12:50:21,403,403 Cascais (Terminal) - Sintra (Estação)
46926503,Scotturb,,25/05/2021 12:50:21,403,403 Cascais (Terminal) - Sintra (Estação)
46926509,Scotturb,,25/05/2021 12:50:21,403,403 Cascais (Terminal) - Sintra (Estação)
46926515,Scotturb,,25/05/2021 12:50:21,403,403 Cascais (Terminal) - Sintra (Estação)
46926521,Scotturb,,25/05/2021 12:50:22,403,403 Cascais (Terminal) - Sintra (Estação)
46926527,Scotturb,,25/05/2021 12:50:22,403,403 Cascais (Terminal) - Sintra (Estação)
46926533,Scotturb,,25/05/2021 12:50:22,403,403 Cascais (Terminal) - Sintra (Estação)
46926539,Scotturb,,25/05/2021 12:50:22,403,403 Cascais (Terminal) - Sintra (Estação)
46926545,Scotturb,,25/05/2021 12:50:22,403,403 Cascais (Terminal) - Sintra (Estação)
46926551,Scotturb,,25/05/2021 12:50:22,403,403 Cascais (Terminal) - Sintra (Estação)
46926557,Scotturb,,25/05/2021 12:50:22,403,403 Cascais (Terminal) - Sintra (Estação)
46926563,Scotturb,,25/05/2021 12:50:22,403,403 Cascais (Terminal) - Sintra (Estação)
46926569,Scotturb,,25/05/2021 12:50:22,403,403 Cascais (Terminal) - Sintra (Estação)
46926575,Scotturb,,25/05/2021 12:50:22,403,403 Cascais (Terminal) - Sintra (Estação)
46926581,Scotturb,,25/05/2021 12:50:22,403,403 Cascais (Terminal) - Sintra (Estação)
46926587,Scotturb,,25/05/2021 12:50:22,403,403 Cascais (Terminal) - Sintra (Estação)
46926593,Scotturb,,25/05/2021 12:50:22,403,403 Cascais (Terminal) - Sintra (Estação)
46926599,Scotturb,,25/05/2021 12:50:22,403,403 Cascais (Terminal) - Sintra (Estação)
46926605,Scotturb,,25/05/2021 12:50:22,403,403 Cascais (Terminal) - Sintra (Estação)
46926611,Scotturb,,25/05/2021 12:50:22,403,403 Cascais (Terminal) - Sintra (Estação)
46926617,Scotturb,,25/05/2021 12:50:22,403,403 Cascais (Terminal) - Sintra (Estação)
46926623,Scotturb,,25/05/2021 12:50:22,403,403 Cascais (Terminal) - Sintra (Estação)
46926629,Scotturb,,25/05/2021 12:50:23,403,403 Cascais (Terminal) - Sintra (Estação)
46926635,Scotturb,,25/05/2021 12:50:23,403,403 Cascais (Terminal) - Sintra (Estação)
46926641,Scotturb,,25/05/2021 12:50:23,403,403 Cascais (Terminal) - Sintra (Estação)
46926647,Scotturb,,25/05/2021 12:50:23,403,403 Cascais (Terminal) - Sintra (Estação)
46926653,Scotturb,,25/05/2021 12:50:23,417,417 Cascais (Terminal) - Portela de Sintra (Estação Sul)
46926659,Scotturb,,25/05/2021 12:50:24,417,417 Cascais (Terminal) - Portela de Sintra (Estação Sul)
46926665,Scotturb,,25/05/2021 12:50:24,417,417 Cascais (Terminal) - Portela de Sintra (Estação Sul)
46926671,Scotturb,,25/05/2021 12:50:24,417,417 Cascais (Terminal) - Portela de Sintra (Estação Sul)
46926677,Scotturb,,25/05/2021 12:50:25,417,417 Cascais (Terminal) - Portela de Sintra (Estação Sul)
46926683,Scotturb,,25/05/2021 12:50:25,417,417 Cascais (Terminal) - Portela de Sintra (Estação Sul)
46926689,Scotturb,,25/05/2021 12:50:25,417,417 Cascais (Terminal) - Portela de Sintra (Estação Sul)
46926695,Scotturb,,25/05/2021 12:50:25,417,417 Cascais (Terminal) - Portela de Sintra (Estação Sul)
46926701,Scotturb,,25/05/2021 12:50:26,417,417 Cascais (Terminal) - Portela de Sintra (Estação Sul)
46926707,Scotturb,,25/05/2021 12:50:26,417,417 Cascais (Terminal) - Portela de Sintra (Estação Sul)
46926713,Scotturb,,25/05/2021 12:50:26,417,417 Cascais (Terminal) - Portela de Sintra (Estação Sul)
46926719,Scotturb,,25/05/2021 12:50:26,417,417 Cascais (Terminal) - Portela de Sintra (Estação Sul)
46926725,Scotturb,,25/05/2021 12:50:26,417,417 Cascais (Terminal) - Portela de Sintra (Estação Sul)
46926731,Scotturb,,25/05/2021 12:50:26,417,417 Cascais (Terminal) - Portela de Sintra (Estação Sul)
46926737,Scotturb,,25/05/2021 12:50:27,417,417 Cascais (Terminal) - Portela de Sintra (Estação Sul)
46926743,Scotturb,,25/05/2021 12:50:28,417,417 Cascais (Terminal) - Portela de Sintra (Estação Sul)
46926749,Scotturb,,25/05/2021 12:50:28,417,417 Cascais (Terminal) - Portela de Sintra (Estação Sul)
46926755,Scotturb,,25/05/2021 12:50:28,417,417 Cascais (Terminal) - Portela de Sintra (Estação Sul)
46926761,Scotturb,,25/05/2021 12:50:29,417,417 Cascais (Terminal) - Portela de Sintra (Estação Sul)
46926767,Scotturb,,25/05/2021 12:50:30,417,417 Cascais (Terminal) - Portela de Sintra (Estação Sul)
46926773,Scotturb,,25/05/2021 12:50:30,417,417 Cascais (Terminal) - Portela de Sintra (Estação Sul)
46926779,Scotturb,,25/05/2021 12:50:30,417,417 Cascais (Terminal) - Portela de Sintra (Estação Sul)
46926785,Scotturb,,25/05/2021 12:50:31,417,417 Cascais (Terminal) - Portela de Sintra (Estação Sul)
46926791,Scotturb,,25/05/2021 12:50:31,417,417 Cascais (Terminal) - Portela de Sintra (Estação Sul)
46926797,Scotturb,,25/05/2021 12:50:31,417,417 Cascais (Terminal) - Portela de Sintra (Estação Sul)
46926803,Scotturb,,25/05/2021 12:50:31,417,417 Cascais (Terminal) - Portela de Sintra (Estação Sul)
46926809,Scotturb,,25/05/2021 12:50:32,417,417 Cascais (Terminal) - Portela de Sintra (Estação Sul)
46926815,Scotturb,,25/05/2021 12:50:32,417,417 Cascais (Terminal) - Portela de Sintra (Estação Sul)
46926821,Scotturb,,25/05/2021 12:50:32,417,417 Cascais (Terminal) - Portela de Sintra (Estação Sul)
46926827,Scotturb,,25/05/2021 12:50:32,417,417 Cascais (Terminal) - Portela de Sintra (Estação Sul)
46926833,Scotturb,,25/05/2021 12:50:32,417,417 Cascais (Terminal) - Portela de Sintra (Estação Sul)
46926839,Scotturb,,25/05/2021 12:50:32,417,417 Cascais (Terminal) - Portela de Sintra (Estação Sul)
46926845,Scotturb,,25/05/2021 12:50:32,417,417 Cascais (Terminal) - Portela de Sintra (Estação Sul)
46926851,Scotturb,,25/05/2021 12:50:32,417,417 Cascais (Terminal) - Portela de Sintra (Estação Sul)
46926857,Scotturb,,25/05/2021 12:50:32,417,417 Cascais (Terminal) - Portela de Sintra (Estação Sul)
46926863,Scotturb,,25/05/2021 12:50:32,417,417 Cascais (Terminal) - Portela de Sintra (Estação Sul)
46926869,Scotturb,,25/05/2021 12:50:32,417,417 Cascais (Terminal) - Portela de Sintra (Estação Sul)
46926875,Scotturb,,25/05/2021 12:50:32,417,417 Cascais (Terminal) - Portela de Sintra (Estação Sul)
46926881,Scotturb,,25/05/2021 12:50:33,417,417 Cascais (Terminal) - Portela de Sintra (Estação Sul)
46926887,Scotturb,,25/05/2021 12:50:33,417,417 Cascais (Terminal) - Portela de Sintra (Estação Sul)
46926893,Scotturb,,25/05/2021 12:50:33,417,417 Cascais (Terminal) - Portela de Sintra (Estação Sul)
46926899,Scotturb,,25/05/2021 12:50:33,417,417 Cascais (Terminal) - Portela de Sintra (Estação Sul)
46926905,Scotturb,,25/05/2021 12:50:33,417,417 Cascais (Terminal) - Portela de Sintra (Estação Sul)
46926911,Scotturb,,25/05/2021 12:50:33,417,417 Cascais (Terminal) - Portela de Sintra (Estação Sul)
46926917,Scotturb,,25/05/2021 12:50:33,417,417 Cascais (Terminal) - Portela de Sintra (Estação Sul)
46926923,Scotturb,,25/05/2021 12:50:33,417,417 Cascais (Terminal) - Portela de Sintra (Estação Sul)
46926929,Scotturb,,25/05/2021 12:50:33,417,417 Cascais (Terminal) - Portela de Sintra (Estação Sul)
46926935,Scotturb,,25/05/2021 12:50:33,417,417 Cascais (Terminal) - Portela de Sintra (Estação Sul)
46926941,Scotturb,,25/05/2021 12:50:33,417,417 Cascais (Terminal) - Portela de Sintra (Estação Sul)
46926947,Scotturb,,25/05/2021 12:50:33,417,417 Cascais (Terminal) - Portela de Sintra (Estação Sul)
46926953,Scotturb,,25/05/2021 12:50:33,417,417 Cascais (Terminal) - Portela de Sintra (Estação Sul)
46926959,Scotturb,,25/05/2021 12:50:33,417,417 Cascais (Terminal) - Portela de Sintra (Estação Sul)
46926965,Scotturb,,25/05/2021 12:50:33,418,418 Estoril (Estação) - Portela de Sintra (Estação Sul)
46926971,Scotturb,,25/05/2021 12:50:35,418,418 Estoril (Estação) - Portela de Sintra (Estação Sul)
46926977,Scotturb,,25/05/2021 12:50:35,418,418 Estoril (Estação) - Portela de Sintra (Estação Sul)
46926983,Scotturb,,25/05/2021 12:50:35,418,418 Estoril (Estação) - Portela de Sintra (Estação Sul)
46926989,Scotturb,,25/05/2021 12:50:35,418,418 Estoril (Estação) - Portela de Sintra (Estação Sul)
46926995,Scotturb,,25/05/2021 12:50:36,418,418 Estoril (Estação) - Portela de Sintra (Estação Sul)
46927001,Scotturb,,25/05/2021 12:50:36,418,418 Estoril (Estação) - Portela de Sintra (Estação Sul)
46927007,Scotturb,,25/05/2021 12:50:36,418,418 Estoril (Estação) - Portela de Sintra (Estação Sul)
46927013,Scotturb,,25/05/2021 12:50:37,418,418 Estoril (Estação) - Portela de Sintra (Estação Sul)
46927019,Scotturb,,25/05/2021 12:50:37,418,418 Estoril (Estação) - Portela de Sintra (Estação Sul)
46927025,Scotturb,,25/05/2021 12:50:37,418,418 Estoril (Estação) - Portela de Sintra (Estação Sul)
46927031,Scotturb,,25/05/2021 12:50:38,418,418 Estoril (Estação) - Portela de Sintra (Estação Sul)
46927037,Scotturb,,25/05/2021 12:50:39,418,418 Estoril (Estação) - Portela de Sintra (Estação Sul)
46927043,Scotturb,,25/05/2021 12:50:39,418,418 Estoril (Estação) - Portela de Sintra (Estação Sul)
46927049,Scotturb,,25/05/2021 12:50:39,418,418 Estoril (Estação) - Portela de Sintra (Estação Sul)
46927055,Scotturb,,25/05/2021 12:50:39,418,418 Estoril (Estação) - Portela de Sintra (Estação Sul)
46927061,Scotturb,,25/05/2021 12:50:40,418,418 Estoril (Estação) - Portela de Sintra (Estação Sul)
46927067,Scotturb,,25/05/2021 12:50:40,418,418 Estoril (Estação) - Portela de Sintra (Estação Sul)
46927073,Scotturb,,25/05/2021 12:50:40,418,418 Estoril (Estação) - Portela de Sintra (Estação Sul)
46927079,Scotturb,,25/05/2021 12:50:40,418,418 Estoril (Estação) - Portela de Sintra (Estação Sul)
46927085,Scotturb,,25/05/2021 12:50:41,418,418 Estoril (Estação) - Portela de Sintra (Estação Sul)
46927091,Scotturb,,25/05/2021 12:50:41,418,418 Estoril (Estação) - Portela de Sintra (Estação Sul)
46927097,Scotturb,,25/05/2021 12:50:41,418,418 Estoril (Estação) - Portela de Sintra (Estação Sul)
46927103,Scotturb,,25/05/2021 12:50:41,418,418 Estoril (Estação) - Portela de Sintra (Estação Sul)
46927109,Scotturb,,25/05/2021 12:50:42,418,418 Estoril (Estação) - Portela de Sintra (Estação Sul)
46927115,Scotturb,,25/05/2021 12:50:42,418,418 Estoril (Estação) - Portela de Sintra (Estação Sul)
46927121,Scotturb,,25/05/2021 12:50:42,418,418 Estoril (Estação) - Portela de Sintra (Estação Sul)
46927127,Scotturb,,25/05/2021 12:50:42,418,418 Estoril (Estação) - Portela de Sintra (Estação Sul)
46927133,Scotturb,,25/05/2021 12:50:42,418,418 Estoril (Estação) - Portela de Sintra (Estação Sul)
46927139,Scotturb,,25/05/2021 12:50:42,418,418 Estoril (Estação) - Portela de Sintra (Estação Sul)
46927145,Scotturb,,25/05/2021 12:50:42,418,418 Estoril (Estação) - Portela de Sintra (Estação Sul)
46927151,Scotturb,,25/05/2021 12:50:42,418,418 Estoril (Estação) - Portela de Sintra (Estação Sul)
46927157,Scotturb,,25/05/2021 12:50:42,418,418 Estoril (Estação) - Portela de Sintra (Estação Sul)
46927163,Scotturb,,25/05/2021 12:50:42,418,418 Estoril (Estação) - Portela de Sintra (Estação Sul)
46927169,Scotturb,,25/05/2021 12:50:42,418,418 Estoril (Estação) - Portela de Sintra (Estação Sul)
46927175,Scotturb,,25/05/2021 12:50:43,418,418 Estoril (Estação) - Portela de Sintra (Estação Sul)
46927181,Scotturb,,25/05/2021 12:50:43,418,418 Estoril (Estação) - Portela de Sintra (Estação Sul)
46927187,Scotturb,,25/05/2021 12:50:43,418,418 Estoril (Estação) - Portela de Sintra (Estação Sul)
46927193,Scotturb,,25/05/2021 12:50:43,418,418 Estoril (Estação) - Portela de Sintra (Estação Sul)
46927199,Scotturb,,25/05/2021 12:50:43,418,418 Estoril (Estação) - Portela de Sintra (Estação Sul)
46927205,Scotturb,,25/05/2021 12:50:43,418,418 Estoril (Estação) - Portela de Sintra (Estação Sul)
46927211,Scotturb,,25/05/2021 12:50:43,418,418 Estoril (Estação) - Portela de Sintra (Estação Sul)
46927217,Scotturb,,25/05/2021 12:50:43,418,418 Estoril (Estação) - Portela de Sintra (Estação Sul)
46927223,Scotturb,,25/05/2021 12:50:43,418,418 Estoril (Estação) - Portela de Sintra (Estação Sul)
46927229,Scotturb,,25/05/2021 12:50:43,418,418 Estoril (Estação) - Portela de Sintra (Estação Sul)
46927235,Scotturb,,25/05/2021 12:50:43,418,418 Estoril (Estação) - Portela de Sintra (Estação Sul)
46927241,Scotturb,,25/05/2021 12:50:43,418,418 Estoril (Estação) - Portela de Sintra (Estação Sul)
46927247,Scotturb,,25/05/2021 12:50:43,418,418 Estoril (Estação) - Portela de Sintra (Estação Sul)
46927253,Scotturb,,25/05/2021 12:50:43,418,418 Estoril (Estação) - Portela de Sintra (Estação Sul)
46927259,Scotturb,,25/05/2021 12:50:43,418,418 Estoril (Estação) - Portela de Sintra (Estação Sul)
46927265,Scotturb,,25/05/2021 12:50:43,418,418 Estoril (Estação) - Portela de Sintra (Estação Sul)
46927271,Scotturb,,25/05/2021 12:50:44,418,418 Estoril (Estação) - Portela de Sintra (Estação Sul)
46927277,Scotturb,,25/05/2021 12:50:44,418,418 Estoril (Estação) - Portela de Sintra (Estação Sul)
46927283,Scotturb,,25/05/2021 12:50:44,455,455 Cascais (Terminal) - Rio de Mouro (Estação)
46927289,Scotturb,,25/05/2021 12:50:44,455,455 Cascais (Terminal) - Rio de Mouro (Estação)
46927295,Scotturb,,25/05/2021 12:50:44,455,455 Cascais (Terminal) - Rio de Mouro (Estação)
46927301,Scotturb,,25/05/2021 12:50:44,455,455 Cascais (Terminal) - Rio de Mouro (Estação)
46927307,Scotturb,,25/05/2021 12:50:44,455,455 Cascais (Terminal) - Rio de Mouro (Estação)
46927313,Scotturb,,25/05/2021 12:50:45,455,455 Cascais (Terminal) - Rio de Mouro (Estação)
46927319,Scotturb,,25/05/2021 12:50:45,455,455 Cascais (Terminal) - Rio de Mouro (Estação)
46927325,Scotturb,,25/05/2021 12:50:46,455,455 Cascais (Terminal) - Rio de Mouro (Estação)
46927331,Scotturb,,25/05/2021 12:50:46,455,455 Cascais (Terminal) - Rio de Mouro (Estação)
46927337,Scotturb,,25/05/2021 12:50:46,455,455 Cascais (Terminal) - Rio de Mouro (Estação)
46927343,Scotturb,,25/05/2021 12:50:46,455,455 Cascais (Terminal) - Rio de Mouro (Estação)
46927349,Scotturb,,25/05/2021 12:50:46,455,455 Cascais (Terminal) - Rio de Mouro (Estação)
46927355,Scotturb,,25/05/2021 12:50:46,455,455 Cascais (Terminal) - Rio de Mouro (Estação)
46927361,Scotturb,,25/05/2021 12:50:46,455,455 Cascais (Terminal) - Rio de Mouro (Estação)
46927367,Scotturb,,25/05/2021 12:50:46,455,455 Cascais (Terminal) - Rio de Mouro (Estação)
46927373,Scotturb,,25/05/2021 12:50:46,455,455 Cascais (Terminal) - Rio de Mouro (Estação)
46927379,Scotturb,,25/05/2021 12:50:46,455,455 Cascais (Terminal) - Rio de Mouro (Estação)
46927385,Scotturb,,25/05/2021 12:50:46,455,455 Cascais (Terminal) - Rio de Mouro (Estação)
46927391,Scotturb,,25/05/2021 12:50:46,455,455 Cascais (Terminal) - Rio de Mouro (Estação)
46927397,Scotturb,,25/05/2021 12:50:46,455,455 Cascais (Terminal) - Rio de Mouro (Estação)
46927403,Scotturb,,25/05/2021 12:50:46,455,455 Cascais (Terminal) - Rio de Mouro (Estação)
46927409,Scotturb,,25/05/2021 12:50:46,455,455 Cascais (Terminal) - Rio de Mouro (Estação)
46927415,Scotturb,,25/05/2021 12:50:46,455,455 Cascais (Terminal) - Rio de Mouro (Estação)
46927421,Scotturb,,25/05/2021 12:50:46,455,455 Cascais (Terminal) - Rio de Mouro (Estação)
46927427,Scotturb,,25/05/2021 12:50:46,455,455 Cascais (Terminal) - Rio de Mouro (Estação)
46927433,Scotturb,,25/05/2021 12:50:46,455,455 Cascais (Terminal) - Rio de Mouro (Estação)
46927439,Scotturb,,25/05/2021 12:50:46,455,455 Cascais (Terminal) - Rio de Mouro (Estação)
46927445,Scotturb,,25/05/2021 12:50:46,455,455 Cascais (Terminal) - Rio de Mouro (Estação)
46927451,Scotturb,,25/05/2021 12:50:47,455,455 Cascais (Terminal) - Rio de Mouro (Estação)
46927457,Scotturb,,25/05/2021 12:50:47,455,455 Cascais (Terminal) - Rio de Mouro (Estação)
46927463,Scotturb,,25/05/2021 12:50:47,455,455 Cascais (Terminal) - Rio de Mouro (Estação)
46927469,Scotturb,,25/05/2021 12:50:47,455,455 Cascais (Terminal) - Rio de Mouro (Estação)
46927475,Scotturb,,25/05/2021 12:50:47,455,455 Cascais (Terminal) - Rio de Mouro (Estação)
46927481,Scotturb,,25/05/2021 12:50:47,455,455 Cascais (Terminal) - Rio de Mouro (Estação)
46927487,Scotturb,,25/05/2021 12:50:47,455,455 Cascais (Terminal) - Rio de Mouro (Estação)
46927493,Scotturb,,25/05/2021 12:50:47,455,455 Cascais (Terminal) - Rio de Mouro (Estação)
46927499,Scotturb,,25/05/2021 12:50:47,455,455 Cascais (Terminal) - Rio de Mouro (Estação)
46927505,Scotturb,,25/05/2021 12:50:47,455,455 Cascais (Terminal) - Rio de Mouro (Estação)
46927511,Scotturb,,25/05/2021 12:50:47,455,455 Cascais (Terminal) - Rio de Mouro (Estação)
46927517,Scotturb,,25/05/2021 12:50:47,455,455 Cascais (Terminal) - Rio de Mouro (Estação)
46927523,Scotturb,,25/05/2021 12:50:47,455,455 Cascais (Terminal) - Rio de Mouro (Estação)
46927529,Scotturb,,25/05/2021 12:50:47,455,455 Cascais (Terminal) - Rio de Mouro (Estação)
46927535,Scotturb,,25/05/2021 12:50:47,455,455 Cascais (Terminal) - Rio de Mouro (Estação)
46927541,Scotturb,,25/05/2021 12:50:47,455,455 Cascais (Terminal) - Rio de Mouro (Estação)
46927547,Scotturb,,25/05/2021 12:50:47,455,455 Cascais (Terminal) - Rio de Mouro (Estação)
46927553,Scotturb,,25/05/2021 12:50:47,455,455 Cascais (Terminal) - Rio de Mouro (Estação)
46927559,Scotturb,,25/05/2021 12:50:47,455,455 Cascais (Terminal) - Rio de Mouro (Estação)
46927565,Scotturb,,25/05/2021 12:50:47,456,456 Estoril (Estação) - Rio de Mouro (Estação)
46927571,Scotturb,,25/05/2021 12:50:48,456,456 Estoril (Estação) - Rio de Mouro (Estação)
46927577,Scotturb,,25/05/2021 12:50:48,456,456 Estoril (Estação) - Rio de Mouro (Estação)
46927583,Scotturb,,25/05/2021 12:50:48,456,456 Estoril (Estação) - Rio de Mouro (Estação)
46927589,Scotturb,,25/05/2021 12:50:48,456,456 Estoril (Estação) - Rio de Mouro (Estação)
46927595,Scotturb,,25/05/2021 12:50:48,456,456 Estoril (Estação) - Rio de Mouro (Estação)
46927601,Scotturb,,25/05/2021 12:50:48,456,456 Estoril (Estação) - Rio de Mouro (Estação)
46927607,Scotturb,,25/05/2021 12:50:48,456,456 Estoril (Estação) - Rio de Mouro (Estação)
46927613,Scotturb,,25/05/2021 12:50:48,456,456 Estoril (Estação) - Rio de Mouro (Estação)
46927619,Scotturb,,25/05/2021 12:50:48,456,456 Estoril (Estação) - Rio de Mouro (Estação)
46927625,Scotturb,,25/05/2021 12:50:48,456,456 Estoril (Estação) - Rio de Mouro (Estação)
46927631,Scotturb,,25/05/2021 12:50:48,456,456 Estoril (Estação) - Rio de Mouro (Estação)
46927637,Scotturb,,25/05/2021 12:50:48,456,456 Estoril (Estação) - Rio de Mouro (Estação)
46927643,Scotturb,,25/05/2021 12:50:48,456,456 Estoril (Estação) - Rio de Mouro (Estação)
46927649,Scotturb,,25/05/2021 12:50:48,456,456 Estoril (Estação) - Rio de Mouro (Estação)
46927655,Scotturb,,25/05/2021 12:50:48,456,456 Estoril (Estação) - Rio de Mouro (Estação)
46927661,Scotturb,,25/05/2021 12:50:48,456,456 Estoril (Estação) - Rio de Mouro (Estação)
46927667,Scotturb,,25/05/2021 12:50:48,456,456 Estoril (Estação) - Rio de Mouro (Estação)
46927673,Scotturb,,25/05/2021 12:50:48,456,456 Estoril (Estação) - Rio de Mouro (Estação)
46927679,Scotturb,,25/05/2021 12:50:48,456,456 Estoril (Estação) - Rio de Mouro (Estação)
46927685,Scotturb,,25/05/2021 12:50:48,456,456 Estoril (Estação) - Rio de Mouro (Estação)
46927691,Scotturb,,25/05/2021 12:50:49,456,456 Estoril (Estação) - Rio de Mouro (Estação)
46927697,Scotturb,,25/05/2021 12:50:49,456,456 Estoril (Estação) - Rio de Mouro (Estação)
46927703,Scotturb,,25/05/2021 12:50:49,456,456 Estoril (Estação) - Rio de Mouro (Estação)
46927709,Scotturb,,25/05/2021 12:50:49,456,456 Estoril (Estação) - Rio de Mouro (Estação)
46927715,Scotturb,,25/05/2021 12:50:49,456,456 Estoril (Estação) - Rio de Mouro (Estação)
46927721,Scotturb,,25/05/2021 12:50:49,456,456 Estoril (Estação) - Rio de Mouro (Estação)
46927727,Scotturb,,25/05/2021 12:50:49,456,456 Estoril (Estação) - Rio de Mouro (Estação)
46927733,Scotturb,,25/05/2021 12:50:49,456,456 Estoril (Estação) - Rio de Mouro (Estação)
46927739,Scotturb,,25/05/2021 12:50:49,456,456 Estoril (Estação) - Rio de Mouro (Estação)
46927745,Scotturb,,25/05/2021 12:50:49,456,456 Estoril (Estação) - Rio de Mouro (Estação)
46927751,Scotturb,,25/05/2021 12:50:49,456,456 Estoril (Estação) - Rio de Mouro (Estação)
46927757,Scotturb,,25/05/2021 12:50:49,456,456 Estoril (Estação) - Rio de Mouro (Estação)
46927763,Scotturb,,25/05/2021 12:50:49,456,456 Estoril (Estação) - Rio de Mouro (Estação)
46927769,Scotturb,,25/05/2021 12:50:49,456,456 Estoril (Estação) - Rio de Mouro (Estação)
46927775,Scotturb,,25/05/2021 12:50:49,456,456 Estoril (Estação) - Rio de Mouro (Estação)
46927781,Scotturb,,25/05/2021 12:50:49,456,456 Estoril (Estação) - Rio de Mouro (Estação)
46927787,Scotturb,,25/05/2021 12:50:49,456,456 Estoril (Estação) - Rio de Mouro (Estação)
46927793,Scotturb,,25/05/2021 12:50:49,456,456 Estoril (Estação) - Rio de Mouro (Estação)
46927799,Scotturb,,25/05/2021 12:50:49,456,456 Estoril (Estação) - Rio de Mouro (Estação)
46927805,Scotturb,,25/05/2021 12:50:49,456,456 Estoril (Estação) - Rio de Mouro (Estação)
46927811,Scotturb,,25/05/2021 12:50:49,456,456 Estoril (Estação) - Rio de Mouro (Estação)
46927817,Scotturb,,25/05/2021 12:50:50,456,456 Estoril (Estação) - Rio de Mouro (Estação)
46927823,Scotturb,,25/05/2021 12:50:50,456,456 Estoril (Estação) - Rio de Mouro (Estação)
46927829,Scotturb,,25/05/2021 12:50:50,456,456 Estoril (Estação) - Rio de Mouro (Estação)
46927835,Scotturb,,25/05/2021 12:50:50,456,456 Estoril (Estação) - Rio de Mouro (Estação)
46927841,Scotturb,,25/05/2021 12:50:50,456,456 Estoril (Estação) - Rio de Mouro (Estação)
46927847,Scotturb,,25/05/2021 12:50:50,456,456 Estoril (Estação) - Rio de Mouro (Estação)
46927853,Scotturb,,25/05/2021 12:50:50,456,456 Estoril (Estação) - Rio de Mouro (Estação)
46927859,Scotturb,,25/05/2021 12:50:50,456,456 Estoril (Estação) - Rio de Mouro (Estação)
46927865,Scotturb,,25/05/2021 12:50:50,456,456 Estoril (Estação) - Rio de Mouro (Estação)
46927871,Scotturb,,25/05/2021 12:50:50,456,456 Estoril (Estação) - Rio de Mouro (Estação)
46927877,Scotturb,,25/05/2021 12:50:50,456,456 Estoril (Estação) - Rio de Mouro (Estação)
46927883,Scotturb,,25/05/2021 12:50:50,456,456 Estoril (Estação) - Rio de Mouro (Estação)
46927889,Scotturb,,25/05/2021 12:50:50,456,456 Estoril (Estação) - Rio de Mouro (Estação)
46927895,Scotturb,,25/05/2021 12:50:50,463,463 Cacém (Estação) - Carcavelos (Estação)
46927901,Scotturb,,25/05/2021 12:50:50,463,463 Cacém (Estação) - Carcavelos (Estação)
46927907,Scotturb,,25/05/2021 12:50:51,463,463 Cacém (Estação) - Carcavelos (Estação)
46927913,Scotturb,,25/05/2021 12:50:52,463,463 Cacém (Estação) - Carcavelos (Estação)
46927919,Scotturb,,25/05/2021 12:50:52,463,463 Cacém (Estação) - Carcavelos (Estação)
46927925,Scotturb,,25/05/2021 12:50:52,463,463 Cacém (Estação) - Carcavelos (Estação)
46927931,Scotturb,,25/05/2021 12:50:52,463,463 Cacém (Estação) - Carcavelos (Estação)
46927937,Scotturb,,25/05/2021 12:50:53,463,463 Cacém (Estação) - Carcavelos (Estação)
46927943,Scotturb,,25/05/2021 12:50:54,463,463 Cacém (Estação) - Carcavelos (Estação)
46927949,Scotturb,,25/05/2021 12:50:54,463,463 Cacém (Estação) - Carcavelos (Estação)
46927955,Scotturb,,25/05/2021 12:50:54,463,463 Cacém (Estação) - Carcavelos (Estação)
46927961,Scotturb,,25/05/2021 12:50:54,463,463 Cacém (Estação) - Carcavelos (Estação)
46927967,Scotturb,,25/05/2021 12:50:55,463,463 Cacém (Estação) - Carcavelos (Estação)
46927973,Scotturb,,25/05/2021 12:50:55,463,463 Cacém (Estação) - Carcavelos (Estação)
46927979,Scotturb,,25/05/2021 12:50:57,463,463 Cacém (Estação) - Carcavelos (Estação)
46927985,Scotturb,,25/05/2021 12:50:58,463,463 Cacém (Estação) - Carcavelos (Estação)
46927991,Scotturb,,25/05/2021 12:50:58,463,463 Cacém (Estação) - Carcavelos (Estação)
46927997,Scotturb,,25/05/2021 12:50:59,463,463 Cacém (Estação) - Carcavelos (Estação)
46928003,Scotturb,,25/05/2021 12:50:59,463,463 Cacém (Estação) - Carcavelos (Estação)
46928009,Scotturb,,25/05/2021 12:51:00,463,463 Cacém (Estação) - Carcavelos (Estação)
46928015,Scotturb,,25/05/2021 12:51:00,463,463 Cacém (Estação) - Carcavelos (Estação)
46928021,Scotturb,,25/05/2021 12:51:02,463,463 Cacém (Estação) - Carcavelos (Estação)
46928027,Scotturb,,25/05/2021 12:51:02,463,463 Cacém (Estação) - Carcavelos (Estação)
46928033,Scotturb,,25/05/2021 12:51:02,463,463 Cacém (Estação) - Carcavelos (Estação)
46928039,Scotturb,,25/05/2021 12:51:03,463,463 Cacém (Estação) - Carcavelos (Estação)
46928045,Scotturb,,25/05/2021 12:51:03,463,463 Cacém (Estação) - Carcavelos (Estação)
46928051,Scotturb,,25/05/2021 12:51:03,463,463 Cacém (Estação) - Carcavelos (Estação)
46928057,Scotturb,,25/05/2021 12:51:03,463,463 Cacém (Estação) - Carcavelos (Estação)
46928063,Scotturb,,25/05/2021 12:51:03,463,463 Cacém (Estação) - Carcavelos (Estação)
46928069,Scotturb,,25/05/2021 12:51:03,463,463 Cacém (Estação) - Carcavelos (Estação)
46928075,Scotturb,,25/05/2021 12:51:03,463,463 Cacém (Estação) - Carcavelos (Estação)
46928081,Scotturb,,25/05/2021 12:51:03,463,463 Cacém (Estação) - Carcavelos (Estação)
46928087,Scotturb,,25/05/2021 12:51:04,463,463 Cacém (Estação) - Carcavelos (Estação)
46928093,Scotturb,,25/05/2021 12:51:04,463,463 Cacém (Estação) - Carcavelos (Estação)
46928099,Scotturb,,25/05/2021 12:51:04,463,463 Cacém (Estação) - Carcavelos (Estação)
46928105,Scotturb,,25/05/2021 12:51:04,463,463 Cacém (Estação) - Carcavelos (Estação)
46928111,Scotturb,,25/05/2021 12:51:04,463,463 Cacém (Estação) - Carcavelos (Estação)
46928117,Scotturb,,25/05/2021 12:51:04,463,463 Cacém (Estação) - Carcavelos (Estação)
46928123,Scotturb,,25/05/2021 12:51:04,463,463 Cacém (Estação) - Carcavelos (Estação)
46928129,Scotturb,,25/05/2021 12:51:04,463,463 Cacém (Estação) - Carcavelos (Estação)
46928135,Scotturb,,25/05/2021 12:51:04,463,463 Cacém (Estação) - Carcavelos (Estação)
46928141,Scotturb,,25/05/2021 12:51:04,463,463 Cacém (Estação) - Carcavelos (Estação)
46928147,Scotturb,,25/05/2021 12:51:04,463,463 Cacém (Estação) - Carcavelos (Estação)
46928153,Scotturb,,25/05/2021 12:51:04,463,463 Cacém (Estação) - Carcavelos (Estação)
46928159,Scotturb,,25/05/2021 12:51:04,467,467 Oeiras (Estação) - Sintra (Estação)
46928165,Scotturb,,25/05/2021 12:51:05,467,467 Oeiras (Estação) - Sintra (Estação)
46928171,Scotturb,,25/05/2021 12:51:05,467,467 Oeiras (Estação) - Sintra (Estação)
46928177,Scotturb,,25/05/2021 12:51:06,467,467 Oeiras (Estação) - Sintra (Estação)
46928183,Scotturb,,25/05/2021 12:51:06,467,467 Oeiras (Estação) - Sintra (Estação)
46928189,Scotturb,,25/05/2021 12:51:06,467,467 Oeiras (Estação) - Sintra (Estação)
46928195,Scotturb,,25/05/2021 12:51:06,467,467 Oeiras (Estação) - Sintra (Estação)
46928201,Scotturb,,25/05/2021 12:51:06,467,467 Oeiras (Estação) - Sintra (Estação)
46928207,Scotturb,,25/05/2021 12:51:06,467,467 Oeiras (Estação) - Sintra (Estação)
46928213,Scotturb,,25/05/2021 12:51:06,467,467 Oeiras (Estação) - Sintra (Estação)
46928219,Scotturb,,25/05/2021 12:51:06,467,467 Oeiras (Estação) - Sintra (Estação)
46928225,Scotturb,,25/05/2021 12:51:06,467,467 Oeiras (Estação) - Sintra (Estação)
46928231,Scotturb,,25/05/2021 12:51:06,467,467 Oeiras (Estação) - Sintra (Estação)
46928237,Scotturb,,25/05/2021 12:51:06,467,467 Oeiras (Estação) - Sintra (Estação)
46928243,Scotturb,,25/05/2021 12:51:07,467,467 Oeiras (Estação) - Sintra (Estação)
46928249,Scotturb,,25/05/2021 12:51:07,467,467 Oeiras (Estação) - Sintra (Estação)
46928255,Scotturb,,25/05/2021 12:51:07,467,467 Oeiras (Estação) - Sintra (Estação)
46928261,Scotturb,,25/05/2021 12:51:07,467,467 Oeiras (Estação) - Sintra (Estação)
46928267,Scotturb,,25/05/2021 12:51:07,467,467 Oeiras (Estação) - Sintra (Estação)
46928273,Scotturb,,25/05/2021 12:51:07,467,467 Oeiras (Estação) - Sintra (Estação)
46928279,Scotturb,,25/05/2021 12:51:07,467,467 Oeiras (Estação) - Sintra (Estação)
46928285,Scotturb,,25/05/2021 12:51:07,467,467 Oeiras (Estação) - Sintra (Estação)
46928291,Scotturb,,25/05/2021 12:51:07,467,467 Oeiras (Estação) - Sintra (Estação)
46928297,Scotturb,,25/05/2021 12:51:07,467,467 Oeiras (Estação) - Sintra (Estação)
46928303,Scotturb,,25/05/2021 12:51:07,467,467 Oeiras (Estação) - Sintra (Estação)
46928309,Scotturb,,25/05/2021 12:51:07,467,467 Oeiras (Estação) - Sintra (Estação)
46928315,Scotturb,,25/05/2021 12:51:07,467,467 Oeiras (Estação) - Sintra (Estação)
46928321,Scotturb,,25/05/2021 12:51:07,467,467 Oeiras (Estação) - Sintra (Estação)
46928327,Scotturb,,25/05/2021 12:51:07,467,467 Oeiras (Estação) - Sintra (Estação)
46928333,Scotturb,,25/05/2021 12:51:07,467,467 Oeiras (Estação) - Sintra (Estação)
46928339,Scotturb,,25/05/2021 12:51:07,467,467 Oeiras (Estação) - Sintra (Estação)
46928345,Scotturb,,25/05/2021 12:51:07,467,467 Oeiras (Estação) - Sintra (Estação)
46928351,Scotturb,,25/05/2021 12:51:07,467,467 Oeiras (Estação) - Sintra (Estação)
46928357,Scotturb,,25/05/2021 12:51:07,467,467 Oeiras (Estação) - Sintra (Estação)
46928363,Scotturb,,25/05/2021 12:51:07,467,467 Oeiras (Estação) - Sintra (Estação)
46928369,Scotturb,,25/05/2021 12:51:07,467,467 Oeiras (Estação) - Sintra (Estação)
46928375,Scotturb,,25/05/2021 12:51:08,467,467 Oeiras (Estação) - Sintra (Estação)
46928381,Scotturb,,25/05/2021 12:51:08,467,467 Oeiras (Estação) - Sintra (Estação)
46928387,Scotturb,,25/05/2021 12:51:08,467,467 Oeiras (Estação) - Sintra (Estação)
46928393,Scotturb,,25/05/2021 12:51:08,467,467 Oeiras (Estação) - Sintra (Estação)
46928399,Scotturb,,25/05/2021 12:51:08,467,467 Oeiras (Estação) - Sintra (Estação)
46928405,Scotturb,,25/05/2021 12:51:08,467,467 Oeiras (Estação) - Sintra (Estação)
46928411,Scotturb,,25/05/2021 12:51:08,467,467 Oeiras (Estação) - Sintra (Estação)
46928417,Scotturb,,25/05/2021 12:51:08,468,468 Oeiras (Estação) - Rio de Mouro (Estação)
46928423,Scotturb,,25/05/2021 12:51:08,468,468 Oeiras (Estação) - Rio de Mouro (Estação)
46928429,Scotturb,,25/05/2021 12:51:08,468,468 Oeiras (Estação) - Rio de Mouro (Estação)
46928435,Scotturb,,25/05/2021 12:51:08,468,468 Oeiras (Estação) - Rio de Mouro (Estação)
46928441,Scotturb,,25/05/2021 12:51:08,468,468 Oeiras (Estação) - Rio de Mouro (Estação)
46928447,Scotturb,,25/05/2021 12:51:09,468,468 Oeiras (Estação) - Rio de Mouro (Estação)
46928453,Scotturb,,25/05/2021 12:51:09,468,468 Oeiras (Estação) - Rio de Mouro (Estação)
46928459,Scotturb,,25/05/2021 12:51:09,468,468 Oeiras (Estação) - Rio de Mouro (Estação)
46928465,Scotturb,,25/05/2021 12:51:09,468,468 Oeiras (Estação) - Rio de Mouro (Estação)
46928471,Scotturb,,25/05/2021 12:51:09,468,468 Oeiras (Estação) - Rio de Mouro (Estação)
46928477,Scotturb,,25/05/2021 12:51:09,468,468 Oeiras (Estação) - Rio de Mouro (Estação)
46928483,Scotturb,,25/05/2021 12:51:09,468,468 Oeiras (Estação) - Rio de Mouro (Estação)
46928489,Scotturb,,25/05/2021 12:51:09,468,468 Oeiras (Estação) - Rio de Mouro (Estação)
46928495,Scotturb,,25/05/2021 12:51:09,468,468 Oeiras (Estação) - Rio de Mouro (Estação)
46928501,Scotturb,,25/05/2021 12:51:09,468,468 Oeiras (Estação) - Rio de Mouro (Estação)
46928507,Scotturb,,25/05/2021 12:51:09,468,468 Oeiras (Estação) - Rio de Mouro (Estação)
46928513,Scotturb,,25/05/2021 12:51:09,468,468 Oeiras (Estação) - Rio de Mouro (Estação)
46928519,Scotturb,,25/05/2021 12:51:09,468,468 Oeiras (Estação) - Rio de Mouro (Estação)
46928525,Scotturb,,25/05/2021 12:51:09,468,468 Oeiras (Estação) - Rio de Mouro (Estação)
46928531,Scotturb,,25/05/2021 12:51:09,468,468 Oeiras (Estação) - Rio de Mouro (Estação)
46928537,Scotturb,,25/05/2021 12:51:09,468,468 Oeiras (Estação) - Rio de Mouro (Estação)
46928543,Scotturb,,25/05/2021 12:51:09,468,468 Oeiras (Estação) - Rio de Mouro (Estação)
46928549,Scotturb,,25/05/2021 12:51:09,468,468 Oeiras (Estação) - Rio de Mouro (Estação)
46928555,Scotturb,,25/05/2021 12:51:09,468,468 Oeiras (Estação) - Rio de Mouro (Estação)
46928561,Scotturb,,25/05/2021 12:51:09,468,468 Oeiras (Estação) - Rio de Mouro (Estação)
46928567,Scotturb,,25/05/2021 12:51:09,468,468 Oeiras (Estação) - Rio de Mouro (Estação)
46928573,Scotturb,,25/05/2021 12:51:09,468,468 Oeiras (Estação) - Rio de Mouro (Estação)
46928579,Scotturb,,25/05/2021 12:51:09,468,468 Oeiras (Estação) - Rio de Mouro (Estação)
46928585,Scotturb,,25/05/2021 12:51:09,468,468 Oeiras (Estação) - Rio de Mouro (Estação)
46928591,Scotturb,,25/05/2021 12:51:09,468,468 Oeiras (Estação) - Rio de Mouro (Estação)
46928597,Scotturb,,25/05/2021 12:51:09,468,468 Oeiras (Estação) - Rio de Mouro (Estação)
46928603,Scotturb,,25/05/2021 12:51:09,468,468 Oeiras (Estação) - Rio de Mouro (Estação)
46928609,Scotturb,,25/05/2021 12:51:09,468,468 Oeiras (Estação) - Rio de Mouro (Estação)
46928615,Scotturb,,25/05/2021 12:51:10,468,468 Oeiras (Estação) - Rio de Mouro (Estação)
46928621,Scotturb,,25/05/2021 12:51:10,468,468 Oeiras (Estação) - Rio de Mouro (Estação)
46928627,Scotturb,,25/05/2021 12:51:10,468,468 Oeiras (Estação) - Rio de Mouro (Estação)
46928633,Scotturb,,25/05/2021 12:51:10,468,468 Oeiras (Estação) - Rio de Mouro (Estação)
46928639,Scotturb,,25/05/2021 12:51:10,470,470 Oeiras (Estação) - Talaíde
46928645,Scotturb,,25/05/2021 12:51:10,470,470 Oeiras (Estação) - Talaíde
46928651,Scotturb,,25/05/2021 12:51:10,470,470 Oeiras (Estação) - Talaíde
46928657,Scotturb,,25/05/2021 12:51:10,470,470 Oeiras (Estação) - Talaíde
46928663,Scotturb,,25/05/2021 12:51:10,470,470 Oeiras (Estação) - Talaíde
46928669,Scotturb,,25/05/2021 12:51:10,470,470 Oeiras (Estação) - Talaíde
46928675,Scotturb,,25/05/2021 12:51:10,470,470 Oeiras (Estação) - Talaíde
46928681,Scotturb,,25/05/2021 12:51:10,470,470 Oeiras (Estação) - Talaíde
46928687,Scotturb,,25/05/2021 12:51:11,470,470 Oeiras (Estação) - Talaíde
46928693,Scotturb,,25/05/2021 12:51:11,470,470 Oeiras (Estação) - Talaíde
46928699,Scotturb,,25/05/2021 12:51:11,470,470 Oeiras (Estação) - Talaíde
46928705,Scotturb,,25/05/2021 12:51:11,470,470 Oeiras (Estação) - Talaíde
46928711,Scotturb,,25/05/2021 12:51:11,470,470 Oeiras (Estação) - Talaíde
46928717,Scotturb,,25/05/2021 12:51:11,470,470 Oeiras (Estação) - Talaíde
46928723,Scotturb,,25/05/2021 12:51:11,470,470 Oeiras (Estação) - Talaíde
46928729,Scotturb,,25/05/2021 12:51:12,470,470 Oeiras (Estação) - Talaíde
46928735,Scotturb,,25/05/2021 12:51:12,470,470 Oeiras (Estação) - Talaíde
46928741,Scotturb,,25/05/2021 12:51:12,470,470 Oeiras (Estação) - Talaíde
46928747,Scotturb,,25/05/2021 12:51:12,470,470 Oeiras (Estação) - Talaíde
46928753,Scotturb,,25/05/2021 12:51:12,470,470 Oeiras (Estação) - Talaíde
46928759,Scotturb,,25/05/2021 12:51:13,470,470 Oeiras (Estação) - Talaíde
46928765,Scotturb,,25/05/2021 12:51:13,470,470 Oeiras (Estação) - Talaíde
46928771,Scotturb,,25/05/2021 12:51:13,470,470 Oeiras (Estação) - Talaíde
46928777,Scotturb,,25/05/2021 12:51:13,470,470 Oeiras (Estação) - Talaíde
46928783,Scotturb,,25/05/2021 12:51:13,470,470 Oeiras (Estação) - Talaíde
46928789,Scotturb,,25/05/2021 12:51:14,470,470 Oeiras (Estação) - Talaíde
46928795,Scotturb,,25/05/2021 12:51:14,470,470 Oeiras (Estação) - Talaíde
46928801,Scotturb,,25/05/2021 12:51:14,470,470 Oeiras (Estação) - Talaíde
46928807,Scotturb,,25/05/2021 12:51:14,470,470 Oeiras (Estação) - Talaíde
46928813,Scotturb,,25/05/2021 12:51:15,470,470 Oeiras (Estação) - Talaíde
46928819,Scotturb,,25/05/2021 12:51:15,470,470 Oeiras (Estação) - Talaíde
46928825,Scotturb,,25/05/2021 12:51:15,470,470 Oeiras (Estação) - Talaíde
46928831,Scotturb,,25/05/2021 12:51:16,470,470 Oeiras (Estação) - Talaíde
46928837,Scotturb,,25/05/2021 12:51:16,470,470 Oeiras (Estação) - Talaíde
46928843,Scotturb,,25/05/2021 12:51:16,470,470 Oeiras (Estação) - Talaíde
46928849,Scotturb,,25/05/2021 12:51:16,470,470 Oeiras (Estação) - Talaíde
46928855,Scotturb,,25/05/2021 12:51:16,470,470 Oeiras (Estação) - Talaíde
46928861,Scotturb,,25/05/2021 12:51:16,470,470 Oeiras (Estação) - Talaíde
46928867,Scotturb,,25/05/2021 12:51:16,470,470 Oeiras (Estação) - Talaíde
46928873,Scotturb,,25/05/2021 12:51:16,470,470 Oeiras (Estação) - Talaíde
46928879,Scotturb,,25/05/2021 12:51:16,470,470 Oeiras (Estação) - Talaíde
46928885,Scotturb,,25/05/2021 12:51:16,470,470 Oeiras (Estação) - Talaíde
46928891,Scotturb,,25/05/2021 12:51:16,470,470 Oeiras (Estação) - Talaíde
46928897,Scotturb,,25/05/2021 12:51:16,470,470 Oeiras (Estação) - Talaíde
46928903,Scotturb,,25/05/2021 12:51:16,470,470 Oeiras (Estação) - Talaíde
46928909,Scotturb,,25/05/2021 12:51:16,470,470 Oeiras (Estação) - Talaíde
46928915,Scotturb,,25/05/2021 12:51:16,470,470 Oeiras (Estação) - Talaíde
46928921,Scotturb,,25/05/2021 12:51:16,470,470 Oeiras (Estação) - Talaíde
46928927,Scotturb,,25/05/2021 12:51:17,470,470 Oeiras (Estação) - Talaíde
46928933,Scotturb,,25/05/2021 12:51:17,470,470 Oeiras (Estação) - Talaíde
46928939,Scotturb,,25/05/2021 12:51:17,470,470 Oeiras (Estação) - Talaíde
46928945,Scotturb,,25/05/2021 12:51:17,470,470 Oeiras (Estação) - Talaíde
46928951,Scotturb,,25/05/2021 12:51:17,470,470 Oeiras (Estação) - Talaíde
46928957,Scotturb,,25/05/2021 12:51:17,470,470 Oeiras (Estação) - Talaíde
46928963,Scotturb,,25/05/2021 12:51:17,470,470 Oeiras (Estação) - Talaíde
46928969,Scotturb,,25/05/2021 12:51:17,470,470 Oeiras (Estação) - Talaíde
46928975,Scotturb,,25/05/2021 12:51:17,470,470 Oeiras (Estação) - Talaíde
46928981,Scotturb,,25/05/2021 12:51:17,470,470 Oeiras (Estação) - Talaíde
46928987,Scotturb,,25/05/2021 12:51:17,470,470 Oeiras (Estação) - Talaíde
46928993,Scotturb,,25/05/2021 12:51:17,470,470 Oeiras (Estação) - Talaíde
46928999,Scotturb,,25/05/2021 12:51:17,470,470 Oeiras (Estação) - Talaíde
46929005,Scotturb,,25/05/2021 12:51:17,471,471 Carcavelos (Estação) - Carcavelos (Estação)
46929011,Scotturb,,25/05/2021 12:51:18,471,471 Carcavelos (Estação) - Carcavelos (Estação)
46929017,Scotturb,,25/05/2021 12:51:19,471,471 Carcavelos (Estação) - Carcavelos (Estação)
46929023,Scotturb,,25/05/2021 12:51:19,471,471 Carcavelos (Estação) - Carcavelos (Estação)
46929029,Scotturb,,25/05/2021 12:51:19,471,471 Carcavelos (Estação) - Carcavelos (Estação)
46929035,Scotturb,,25/05/2021 12:51:19,471,471 Carcavelos (Estação) - Carcavelos (Estação)
46929041,Scotturb,,25/05/2021 12:51:19,471,471 Carcavelos (Estação) - Carcavelos (Estação)
46929047,Scotturb,,25/05/2021 12:51:19,471,471 Carcavelos (Estação) - Carcavelos (Estação)
46929053,Scotturb,,25/05/2021 12:51:19,471,471 Carcavelos (Estação) - Carcavelos (Estação)
46929059,Scotturb,,25/05/2021 12:51:19,471,471 Carcavelos (Estação) - Carcavelos (Estação)
46929065,Scotturb,,25/05/2021 12:51:19,479,479 Oeiras (Estação) - Jardins da Parede
46929071,Scotturb,,25/05/2021 12:51:19,479,479 Oeiras (Estação) - Jardins da Parede
46929077,Scotturb,,25/05/2021 12:51:19,479,479 Oeiras (Estação) - Jardins da Parede
46929083,Scotturb,,25/05/2021 12:51:19,479,479 Oeiras (Estação) - Jardins da Parede
46929089,Scotturb,,25/05/2021 12:51:20,479,479 Oeiras (Estação) - Jardins da Parede
46929095,Scotturb,,25/05/2021 12:51:20,479,479 Oeiras (Estação) - Jardins da Parede
46929101,Scotturb,,25/05/2021 12:51:20,479,479 Oeiras (Estação) - Jardins da Parede
46929107,Scotturb,,25/05/2021 12:51:20,479,479 Oeiras (Estação) - Jardins da Parede
46929113,Scotturb,,25/05/2021 12:51:20,479,479 Oeiras (Estação) - Jardins da Parede
46929119,Scotturb,,25/05/2021 12:51:20,479,479 Oeiras (Estação) - Jardins da Parede
46929125,Scotturb,,25/05/2021 12:51:20,479,479 Oeiras (Estação) - Jardins da Parede
46929258,Scotturb,,25/05/2021 12:51:20,479,479 Oeiras (Estação) - Jardins da Parede
46929264,Scotturb,,25/05/2021 12:51:21,479,479 Oeiras (Estação) - Jardins da Parede
46929270,Scotturb,,25/05/2021 12:51:21,479,479 Oeiras (Estação) - Jardins da Parede
46929276,Scotturb,,25/05/2021 12:51:21,479,479 Oeiras (Estação) - Jardins da Parede
46929282,Scotturb,,25/05/2021 12:51:21,479,479 Oeiras (Estação) - Jardins da Parede
46929288,Scotturb,,25/05/2021 12:51:22,479,479 Oeiras (Estação) - Jardins da Parede
46929294,Scotturb,,25/05/2021 12:51:22,479,479 Oeiras (Estação) - Jardins da Parede
46929300,Scotturb,,25/05/2021 12:51:22,479,479 Oeiras (Estação) - Jardins da Parede
46929306,Scotturb,,25/05/2021 12:51:22,479,479 Oeiras (Estação) - Jardins da Parede
46929312,Scotturb,,25/05/2021 12:51:23,479,479 Oeiras (Estação) - Jardins da Parede
46929318,Scotturb,,25/05/2021 12:51:23,479,479 Oeiras (Estação) - Jardins da Parede
46929324,Scotturb,,25/05/2021 12:51:23,479,479 Oeiras (Estação) - Jardins da Parede
46929330,Scotturb,,25/05/2021 12:51:23,479,479 Oeiras (Estação) - Jardins da Parede
46929336,Scotturb,,25/05/2021 12:51:24,479,479 Oeiras (Estação) - Jardins da Parede
46929342,Scotturb,,25/05/2021 12:51:24,479,479 Oeiras (Estação) - Jardins da Parede
46929348,Scotturb,,25/05/2021 12:51:24,479,479 Oeiras (Estação) - Jardins da Parede
46929354,Scotturb,,25/05/2021 12:51:25,479,479 Oeiras (Estação) - Jardins da Parede
46929360,Scotturb,,25/05/2021 12:51:25,479,479 Oeiras (Estação) - Jardins da Parede
46929366,Scotturb,,25/05/2021 12:51:26,479,479 Oeiras (Estação) - Jardins da Parede
46929372,Scotturb,,25/05/2021 12:51:26,479,479 Oeiras (Estação) - Jardins da Parede
46929378,Scotturb,,25/05/2021 12:51:27,479,479 Oeiras (Estação) - Jardins da Parede
46929384,Scotturb,,25/05/2021 12:51:27,479,479 Oeiras (Estação) - Jardins da Parede
46929390,Scotturb,,25/05/2021 12:51:28,479,479 Oeiras (Estação) - Jardins da Parede
46929396,Scotturb,,25/05/2021 12:51:28,479,479 Oeiras (Estação) - Jardins da Parede
46929402,Scotturb,,25/05/2021 12:51:28,479,479 Oeiras (Estação) - Jardins da Parede
46929408,Scotturb,,25/05/2021 12:51:28,479,479 Oeiras (Estação) - Jardins da Parede
46929414,Scotturb,,25/05/2021 12:51:28,479,479 Oeiras (Estação) - Jardins da Parede
46929420,Scotturb,,25/05/2021 12:51:28,479,479 Oeiras (Estação) - Jardins da Parede
46929426,Scotturb,,25/05/2021 12:51:28,479,479 Oeiras (Estação) - Jardins da Parede
46929432,Scotturb,,25/05/2021 12:51:28,479,479 Oeiras (Estação) - Jardins da Parede
46929438,Scotturb,,25/05/2021 12:51:28,479,479 Oeiras (Estação) - Jardins da Parede
46929444,Scotturb,,25/05/2021 12:51:28,479,479 Oeiras (Estação) - Jardins da Parede
46929450,Scotturb,,25/05/2021 12:51:28,479,479 Oeiras (Estação) - Jardins da Parede
46929456,Scotturb,,25/05/2021 12:51:29,479,479 Oeiras (Estação) - Jardins da Parede
46929462,Scotturb,,25/05/2021 12:51:29,479,479 Oeiras (Estação) - Jardins da Parede
46929468,Scotturb,,25/05/2021 12:51:29,479,479 Oeiras (Estação) - Jardins da Parede
46929474,Scotturb,,25/05/2021 12:51:29,479,479 Oeiras (Estação) - Jardins da Parede
46929480,Scotturb,,25/05/2021 12:51:29,479,479 Oeiras (Estação) - Jardins da Parede
46929486,Scotturb,,25/05/2021 12:51:29,479,479 Oeiras (Estação) - Jardins da Parede
46929492,Scotturb,,25/05/2021 12:51:30,479,479 Oeiras (Estação) - Jardins da Parede
46929498,Scotturb,,25/05/2021 12:51:30,479,479 Oeiras (Estação) - Jardins da Parede
46929504,Scotturb,,25/05/2021 12:51:30,479,479 Oeiras (Estação) - Jardins da Parede
46929510,Scotturb,,25/05/2021 12:51:30,479,479 Oeiras (Estação) - Jardins da Parede
46929516,Scotturb,,25/05/2021 12:51:30,479,479 Oeiras (Estação) - Jardins da Parede
46929522,Scotturb,,25/05/2021 12:51:30,479,479 Oeiras (Estação) - Jardins da Parede
46929528,Scotturb,,25/05/2021 12:51:30,479,479 Oeiras (Estação) - Jardins da Parede
46929534,Scotturb,,25/05/2021 12:51:30,479,479 Oeiras (Estação) - Jardins da Parede
46929540,Scotturb,,25/05/2021 12:51:30,479,479 Oeiras (Estação) - Jardins da Parede
46929546,Scotturb,,25/05/2021 12:51:30,479,479 Oeiras (Estação) - Jardins da Parede
46929552,Scotturb,,25/05/2021 12:51:30,479,479 Oeiras (Estação) - Jardins da Parede
46929558,Scotturb,,25/05/2021 12:51:30,479,479 Oeiras (Estação) - Jardins da Parede
46929564,Scotturb,,25/05/2021 12:51:30,479,479 Oeiras (Estação) - Jardins da Parede
46929570,Scotturb,,25/05/2021 12:51:30,479,479 Oeiras (Estação) - Jardins da Parede
46929576,Scotturb,,25/05/2021 12:51:30,479,479 Oeiras (Estação) - Jardins da Parede
46929582,Scotturb,,25/05/2021 12:51:31,479,479 Oeiras (Estação) - Jardins da Parede
46929588,Scotturb,,25/05/2021 12:51:31,479,479 Oeiras (Estação) - Jardins da Parede
46929594,Scotturb,,25/05/2021 12:51:31,479,479 Oeiras (Estação) - Jardins da Parede
46929600,Scotturb,,25/05/2021 12:51:31,479,479 Oeiras (Estação) - Jardins da Parede
46929606,Scotturb,,25/05/2021 12:51:31,479,479 Oeiras (Estação) - Jardins da Parede
46929612,Scotturb,,25/05/2021 12:51:31,479,479 Oeiras (Estação) - Jardins da Parede
46929618,Scotturb,,25/05/2021 12:51:31,479,479 Oeiras (Estação) - Jardins da Parede
46929624,Scotturb,,25/05/2021 12:51:31,479,479 Oeiras (Estação) - Jardins da Parede
46929630,Scotturb,,25/05/2021 12:51:31,479,479 Oeiras (Estação) - Jardins da Parede
46929636,Scotturb,,25/05/2021 12:51:31,479,479 Oeiras (Estação) - Jardins da Parede
46929642,Scotturb,,25/05/2021 12:51:31,479,479 Oeiras (Estação) - Jardins da Parede
46929648,Scotturb,,25/05/2021 12:51:31,479,479 Oeiras (Estação) - Jardins da Parede
46929654,Scotturb,,25/05/2021 12:51:31,479,479 Oeiras (Estação) - Jardins da Parede
46929660,Scotturb,,25/05/2021 12:51:31,489,489 Oeiras (Estação) - Parede (Terminal)
46929666,Scotturb,,25/05/2021 12:51:31,489,489 Oeiras (Estação) - Parede (Terminal)
46929672,Scotturb,,25/05/2021 12:51:31,489,489 Oeiras (Estação) - Parede (Terminal)
46929678,Scotturb,,25/05/2021 12:51:31,489,489 Oeiras (Estação) - Parede (Terminal)
46929684,Scotturb,,25/05/2021 12:51:31,489,489 Oeiras (Estação) - Parede (Terminal)
46929690,Scotturb,,25/05/2021 12:51:31,489,489 Oeiras (Estação) - Parede (Terminal)
46929696,Scotturb,,25/05/2021 12:51:32,489,489 Oeiras (Estação) - Parede (Terminal)
46929702,Scotturb,,25/05/2021 12:51:32,489,489 Oeiras (Estação) - Parede (Terminal)
46929708,Scotturb,,25/05/2021 12:51:32,489,489 Oeiras (Estação) - Parede (Terminal)
46929714,Scotturb,,25/05/2021 12:51:32,489,489 Oeiras (Estação) - Parede (Terminal)
46929720,Scotturb,,25/05/2021 12:51:32,489,489 Oeiras (Estação) - Parede (Terminal)
46929726,Scotturb,,25/05/2021 12:51:32,489,489 Oeiras (Estação) - Parede (Terminal)
46929732,Scotturb,,25/05/2021 12:51:32,489,489 Oeiras (Estação) - Parede (Terminal)
46929738,Scotturb,,25/05/2021 12:51:32,489,489 Oeiras (Estação) - Parede (Terminal)
46929744,Scotturb,,25/05/2021 12:51:32,489,489 Oeiras (Estação) - Parede (Terminal)
46929750,Scotturb,,25/05/2021 12:51:32,489,489 Oeiras (Estação) - Parede (Terminal)
46929756,Scotturb,,25/05/2021 12:51:32,489,489 Oeiras (Estação) - Parede (Terminal)
46929762,Scotturb,,25/05/2021 12:51:33,489,489 Oeiras (Estação) - Parede (Terminal)
46929768,Scotturb,,25/05/2021 12:51:33,489,489 Oeiras (Estação) - Parede (Terminal)
46929774,Scotturb,,25/05/2021 12:51:33,489,489 Oeiras (Estação) - Parede (Terminal)
46929780,Scotturb,,25/05/2021 12:51:34,489,489 Oeiras (Estação) - Parede (Terminal)
46929786,Scotturb,,25/05/2021 12:51:34,489,489 Oeiras (Estação) - Parede (Terminal)
46929792,Scotturb,,25/05/2021 12:51:34,489,489 Oeiras (Estação) - Parede (Terminal)
46929798,Scotturb,,25/05/2021 12:51:34,489,489 Oeiras (Estação) - Parede (Terminal)
46929804,Scotturb,,25/05/2021 12:51:34,489,489 Oeiras (Estação) - Parede (Terminal)
46929810,Scotturb,,25/05/2021 12:51:35,489,489 Oeiras (Estação) - Parede (Terminal)
46929816,Scotturb,,25/05/2021 12:51:35,489,489 Oeiras (Estação) - Parede (Terminal)
46929822,Scotturb,,25/05/2021 12:51:36,489,489 Oeiras (Estação) - Parede (Terminal)
46929828,Scotturb,,25/05/2021 12:51:36,489,489 Oeiras (Estação) - Parede (Terminal)
46929834,Scotturb,,25/05/2021 12:51:36,489,489 Oeiras (Estação) - Parede (Terminal)
46929840,Scotturb,,25/05/2021 12:51:36,489,489 Oeiras (Estação) - Parede (Terminal)
46929846,Scotturb,,25/05/2021 12:51:37,489,489 Oeiras (Estação) - Parede (Terminal)
46929852,Scotturb,,25/05/2021 12:51:37,489,489 Oeiras (Estação) - Parede (Terminal)
46929858,Scotturb,,25/05/2021 12:51:37,489,489 Oeiras (Estação) - Parede (Terminal)
46929864,Scotturb,,25/05/2021 12:51:38,489,489 Oeiras (Estação) - Parede (Terminal)
46929870,Scotturb,,25/05/2021 12:51:38,489,489 Oeiras (Estação) - Parede (Terminal)
46929876,Scotturb,,25/05/2021 12:51:38,489,489 Oeiras (Estação) - Parede (Terminal)
46929882,Scotturb,,25/05/2021 12:51:38,489,489 Oeiras (Estação) - Parede (Terminal)
46929888,Scotturb,,25/05/2021 12:51:39,489,489 Oeiras (Estação) - Parede (Terminal)
46929894,Scotturb,,25/05/2021 12:51:39,489,489 Oeiras (Estação) - Parede (Terminal)
46929900,Scotturb,,25/05/2021 12:51:39,489,489 Oeiras (Estação) - Parede (Terminal)
46929906,Scotturb,,25/05/2021 12:51:39,489,489 Oeiras (Estação) - Parede (Terminal)
46929912,Scotturb,,25/05/2021 12:51:39,489,489 Oeiras (Estação) - Parede (Terminal)
46929918,Scotturb,,25/05/2021 12:51:40,489,489 Oeiras (Estação) - Parede (Terminal)
46929924,Scotturb,,25/05/2021 12:51:40,489,489 Oeiras (Estação) - Parede (Terminal)
46929930,Scotturb,,25/05/2021 12:51:40,489,489 Oeiras (Estação) - Parede (Terminal)
46929936,Scotturb,,25/05/2021 12:51:40,489,489 Oeiras (Estação) - Parede (Terminal)
46929942,Scotturb,,25/05/2021 12:51:40,489,489 Oeiras (Estação) - Parede (Terminal)
46929948,Scotturb,,25/05/2021 12:51:41,489,489 Oeiras (Estação) - Parede (Terminal)
46929954,Scotturb,,25/05/2021 12:51:41,489,489 Oeiras (Estação) - Parede (Terminal)
46929959,Scotturb,,25/05/2021 12:51:41,489,489 Oeiras (Estação) - Parede (Terminal)
46929965,Scotturb,,25/05/2021 12:51:41,489,489 Oeiras (Estação) - Parede (Terminal)
46929971,Scotturb,,25/05/2021 12:51:41,489,489 Oeiras (Estação) - Parede (Terminal)
46929977,Scotturb,,25/05/2021 12:51:41,489,489 Oeiras (Estação) - Parede (Terminal)
46929983,Scotturb,,25/05/2021 12:51:41,489,489 Oeiras (Estação) - Parede (Terminal)
46929989,Scotturb,,25/05/2021 12:51:42,489,489 Oeiras (Estação) - Parede (Terminal)
46929995,Scotturb,,25/05/2021 12:51:42,489,489 Oeiras (Estação) - Parede (Terminal)
46930001,Scotturb,,25/05/2021 12:51:42,489,489 Oeiras (Estação) - Parede (Terminal)
46930007,Scotturb,,25/05/2021 12:51:43,489,489 Oeiras (Estação) - Parede (Terminal)
46930013,Scotturb,,25/05/2021 12:51:43,489,489 Oeiras (Estação) - Parede (Terminal)
46930019,Scotturb,,25/05/2021 12:51:43,489,489 Oeiras (Estação) - Parede (Terminal)
46930025,Scotturb,,25/05/2021 12:51:43,489,489 Oeiras (Estação) - Parede (Terminal)
46930031,Scotturb,,25/05/2021 12:51:43,489,489 Oeiras (Estação) - Parede (Terminal)
46930037,Scotturb,,25/05/2021 12:51:44,489,489 Oeiras (Estação) - Parede (Terminal)
46930043,Scotturb,,25/05/2021 12:51:44,489,489 Oeiras (Estação) - Parede (Terminal)
46930049,Scotturb,,25/05/2021 12:51:44,489,489 Oeiras (Estação) - Parede (Terminal)
46930055,Scotturb,,25/05/2021 12:51:44,489,489 Oeiras (Estação) - Parede (Terminal)
46930061,Scotturb,,25/05/2021 12:51:44,489,489 Oeiras (Estação) - Parede (Terminal)
46930067,Scotturb,,25/05/2021 12:51:44,489,489 Oeiras (Estação) - Parede (Terminal)
46930073,Scotturb,,25/05/2021 12:51:44,489,489 Oeiras (Estação) - Parede (Terminal)
46930079,Scotturb,,25/05/2021 12:51:44,489,489 Oeiras (Estação) - Parede (Terminal)
46930085,Scotturb,,25/05/2021 12:51:44,489,489 Oeiras (Estação) - Parede (Terminal)
46930091,Scotturb,,25/05/2021 12:51:44,489,489 Oeiras (Estação) - Parede (Terminal)
46930097,Scotturb,,25/05/2021 12:51:44,489,489 Oeiras (Estação) - Parede (Terminal)
46930103,Scotturb,,25/05/2021 12:51:44,489,489 Oeiras (Estação) - Parede (Terminal)
46930109,Scotturb,,25/05/2021 12:51:44,489,489 Oeiras (Estação) - Parede (Terminal)
46930115,Scotturb,,25/05/2021 12:51:44,489,489 Oeiras (Estação) - Parede (Terminal)
46930121,Scotturb,,25/05/2021 12:51:44,489,489 Oeiras (Estação) - Parede (Terminal)
46930127,Scotturb,,25/05/2021 12:51:45,489,489 Oeiras (Estação) - Parede (Terminal)
46930133,Scotturb,,25/05/2021 12:51:45,489,489 Oeiras (Estação) - Parede (Terminal)
46930139,Scotturb,,25/05/2021 12:51:45,489,489 Oeiras (Estação) - Parede (Terminal)
46930145,Scotturb,,25/05/2021 12:51:45,489,489 Oeiras (Estação) - Parede (Terminal)
46930151,Scotturb,,25/05/2021 12:51:45,489,489 Oeiras (Estação) - Parede (Terminal)
46930157,Scotturb,,25/05/2021 12:51:45,489,489 Oeiras (Estação) - Parede (Terminal)
46930163,Scotturb,,25/05/2021 12:51:45,489,489 Oeiras (Estação) - Parede (Terminal)
46930169,Scotturb,,25/05/2021 12:51:45,489,489 Oeiras (Estação) - Parede (Terminal)
46930175,Scotturb,,25/05/2021 12:51:45,489,489 Oeiras (Estação) - Parede (Terminal)
46930181,Scotturb,,25/05/2021 12:51:45,489,489 Oeiras (Estação) - Parede (Terminal)
46930187,Scotturb,,25/05/2021 12:51:45,489,489 Oeiras (Estação) - Parede (Terminal)
46930193,Scotturb,,25/05/2021 12:51:45,489,489 Oeiras (Estação) - Parede (Terminal)
46930199,Scotturb,,25/05/2021 12:51:45,489,489 Oeiras (Estação) - Parede (Terminal)
46930205,Scotturb,,25/05/2021 12:51:45,489,489 Oeiras (Estação) - Parede (Terminal)
46930211,Scotturb,,25/05/2021 12:51:45,489,489 Oeiras (Estação) - Parede (Terminal)
46930217,Scotturb,,25/05/2021 12:51:45,489,489 Oeiras (Estação) - Parede (Terminal)
46930223,Scotturb,,25/05/2021 12:51:45,489,489 Oeiras (Estação) - Parede (Terminal)
46930229,Scotturb,,25/05/2021 12:51:45,489,489 Oeiras (Estação) - Parede (Terminal)
46930235,Scotturb,,25/05/2021 12:51:45,489,489 Oeiras (Estação) - Parede (Terminal)
46930241,Scotturb,,25/05/2021 12:51:46,489,489 Oeiras (Estação) - Parede (Terminal)
46930247,Scotturb,,25/05/2021 12:51:46,489,489 Oeiras (Estação) - Parede (Terminal)
46930253,Scotturb,,25/05/2021 12:51:46,489,489 Oeiras (Estação) - Parede (Terminal)
46930259,Scotturb,,25/05/2021 12:51:46,489,489 Oeiras (Estação) - Parede (Terminal)
46930265,Scotturb,,25/05/2021 12:51:46,489,489 Oeiras (Estação) - Parede (Terminal)
46930271,Scotturb,,25/05/2021 12:51:46,489,489 Oeiras (Estação) - Parede (Terminal)
46930277,Scotturb,,25/05/2021 12:51:46,489,489 Oeiras (Estação) - Parede (Terminal)
46930283,Scotturb,,25/05/2021 12:51:46,489,489 Oeiras (Estação) - Parede (Terminal)
46930289,Scotturb,,25/05/2021 12:51:46,489,489 Oeiras (Estação) - Parede (Terminal)
46930295,Scotturb,,25/05/2021 12:51:46,489,489 Oeiras (Estação) - Parede (Terminal)
46930301,Scotturb,,25/05/2021 12:51:46,489,489 Oeiras (Estação) - Parede (Terminal)
46930307,Scotturb,,25/05/2021 12:51:46,489,489 Oeiras (Estação) - Parede (Terminal)
46930313,Scotturb,,25/05/2021 12:51:46,489,489 Oeiras (Estação) - Parede (Terminal)
46930319,Scotturb,,25/05/2021 12:51:46,489,489 Oeiras (Estação) - Parede (Terminal)
46930325,Scotturb,,25/05/2021 12:51:46,489,489 Oeiras (Estação) - Parede (Terminal)
46930331,Scotturb,,25/05/2021 12:51:46,489,489 Oeiras (Estação) - Parede (Terminal)
46930337,Scotturb,,25/05/2021 12:51:46,489,489 Oeiras (Estação) - Parede (Terminal)
46930343,Scotturb,,25/05/2021 12:51:46,489,489 Oeiras (Estação) - Parede (Terminal)
46930349,Scotturb,,25/05/2021 12:51:46,489,489 Oeiras (Estação) - Parede (Terminal)
46930355,Scotturb,,25/05/2021 12:51:46,489,489 Oeiras (Estação) - Parede (Terminal)
46930361,Scotturb,,25/05/2021 12:51:46,489,489 Oeiras (Estação) - Parede (Terminal)
46930367,Scotturb,,25/05/2021 12:51:46,489,489 Oeiras (Estação) - Parede (Terminal)
46930373,Scotturb,,25/05/2021 12:51:47,489,489 Oeiras (Estação) - Parede (Terminal)
46930379,Scotturb,,25/05/2021 12:51:47,489,489 Oeiras (Estação) - Parede (Terminal)
46930385,Scotturb,,25/05/2021 12:51:47,489,489 Oeiras (Estação) - Parede (Terminal)
46930391,Scotturb,,25/05/2021 12:51:47,489,489 Oeiras (Estação) - Parede (Terminal)
46930397,Scotturb,,25/05/2021 12:51:47,489,489 Oeiras (Estação) - Parede (Terminal)
46930403,Scotturb,,25/05/2021 12:51:47,489,489 Oeiras (Estação) - Parede (Terminal)
46930409,Scotturb,,25/05/2021 12:51:47,489,489 Oeiras (Estação) - Parede (Terminal)
